<?xml version="1.0" encoding="UTF-8"?>
<project-private xmlns="http://www.netbeans.org/ns/project-private/1">
    <editor-bookmarks xmlns="http://www.netbeans.org/ns/editor-bookmarks/2" lastBookmarkId="0"/>
    <open-files xmlns="http://www.netbeans.org/ns/projectui-open-files/2">
        <group>
            <file>file:/D:/Java-2022/JP_Assignment/src/jp_assignment/Staff_mainpage.java</file>
            <file>file:/D:/Java-2022/JP_Assignment/src/jp_assignment/Room_Booking.java</file>
            <file>file:/D:/Java-2022/JP_Assignment/src/jp_assignment/Manage_Room.java</file>
            <file>file:/D:/Java-2022/JP_Assignment/src/jp_assignment/Customer_Info_Booking.java</file>
            <file>file:/D:/Java-2022/JP_Assignment/src/jp_assignment/Receipt.java</file>
            <file>file:/D:/Java-2022/JP_Assignment/src/jp_assignment/Staff_Login_Form.java</file>
            <file>file:/D:/Java-2022/JP_Assignment/src/jp_assignment/JP_Assignment.java</file>
        </group>
    </open-files>
</project-private>
